{
    "utterances": [
        {
            "text": "open stat",
            "entities": [
                {
                    "entity": "open_status:open_status",
                    "start": 0,
                    "end": 9,
                    "body": "open stat",
                    "entities": []
                }
            ],
            "traits": [],
            "intent": "open_status"
        },
        {
            "text": "open status",
            "entities": [
                {
                    "entity": "open_status:open_status",
                    "start": 0,
                    "end": 11,
                    "body": "open status",
                    "entities": []
                }
            ],
            "traits": [],
            "intent": "open_status"
        }
    ]
}
